{"cameraMode":{"drawMode":0,"name":"Shaded","section":"Shading Mode"},"sceneLighting":true,"audioPlay":false,"sceneViewState":{"showFog":true,"showMaterialUpdate":false,"showSkybox":true,"showFlares":true,"showImageEffects":true,"showParticleSystems":true},"in2DMode":false,"pivot":{"x":-4.709961891174316,"y":3.4599077701568605,"z":-5.9510908126831059},"rotation":{"x":0.1321323662996292,"y":-0.4925467073917389,"z":0.07595182210206986,"w":0.856860339641571},"size":11.460573196411133,"orthographic":false}